episode_reward,step
-114.65187945409309,0
-141.41727265828018,10000
