episode_reward,step
-168.82791680958584,0
38.39829060231516,30000
