episode_reward,step
-198.7707857075165,0
385.11607118075375,300000
