episode_reward,step
-198.7707857075165,0
351.9211716245442,320000
