episode_reward,step
-149.66747477352686,0
445.02628898041786,200000
